[
  {
    "name": "Wrapped BNB",
    "symbol": "WBNB",
    "address": "0xae13d989daC2f0dEbFf460aC112a837C89BAa7cd",
    "chainId": 97,
    "decimals": 18
  },
  {
    "name": "Tether USD",
    "symbol": "USDT",
    "address": "0x337610d27c682E347C9cD60BD4b3b107C9d34dDd",
    "chainId": 97,
    "decimals": 18
  },
  {
    "name": "BUSD Token",
    "symbol": "BUSD",
    "address": "0xeD24FC36d5Ee211Ea25A80239Fb8C4Cfd80f12Ee",
    "chainId": 97,
    "decimals": 18
  },
  {
    "name": "USD Coin",
    "symbol": "USDC",
    "address": "0x64544969ed7EBf5f083679233325356EbE738930",
    "chainId": 97,
    "decimals": 18
  },
  {
    "name": "PancakeSwap Token",
    "symbol": "CAKE",
    "address": "0xFa60D973F7642B748046464e165A65B7323b0DEE",
    "chainId": 97,
    "decimals": 18
  },
  {
    "name": "PERL.eco",
    "symbol": "PERL",
    "address": "0x3C703ad30c04af21a84B3CfE1aE5AaB660BDC549",
    "chainId": 97,
    "decimals": 18
  },
  {
    "name": "BNB Staked",
    "symbol": "BNBX",
    "address": "0xB4b5505E3f684E5436a7F8D2B4C180cCe19aE907",
    "chainId": 97,
    "decimals": 18
  }
]
