[
  {
    "chainId": 56,
    "name": "Binance Pegged DAI",
    "symbol": "DAI",
    "address": "0x1AF3F329e8BE154074D8769D1FFa4eE058B1DBc3",
    "decimals": 18
  },
  {
    "chainId": 56,
    "name": "Binance Pegged ETH",
    "symbol": "ETH",
    "address": "0x2170Ed0880ac9A755fd29B2688956BD959F933F8",
    "decimals": 18
  },
  {
    "name": "USDC",
    "symbol": "USDC",
    "address": "0x8AC76a51cc950d9822D68b83fE1Ad97B32Cd580d",
    "decimals": 18
  },
  {
    "name": "USDT",
    "symbol": "USDT",
    "address": "0x55d398326f99059fF775485246999027B3197955",
    "decimals": 18
  },
  {
    "name": "WBNB",
    "symbol": "WBNB",
    "address": "0xbb4CdB9CBd36B01bD1cBaEBF2De08d9173bc095c",
    "decimals": 18
  },
  {
    "name": "BUSD",
    "symbol": "BUSD",
    "address": "0xe9e7CEA3DedcA5984780Bafc599bD69ADd087D56",
    "decimals": 18
  },
  {
    "chainId": 56,
    "name": "Binance Pegged Bitcoin",
    "symbol": "BTCB",
    "address": "0x7130d2A12B9BCbFAe4f2634d864A1Ee1Ce3Ead9c",
    "decimals": 18
  },
  {
    "chainId": 56,
    "name": "PancakeSwap Token",
    "symbol": "CAKE",
    "address": "0x0E09FaBB73Bd3Ade0a17ECC321fD13a19e81cE82",
    "decimals": 18
  }
]