[
  {
    "name": "WETH",
    "symbol": "WETH",
    "address": "0xfFf9976782d46CC05630D1f6eBAb18b2324d6B14",
    "decimals": 18
  },
  {
    "name": "USDC",
    "symbol": "USDC",
    "address": "0x1c7D4B196Cb0C7B01d743Fbc6116a902379C7238",
    "decimals": 6
  },
  {
    "chainId": 11155111,
    "address": "0xff34b3d4aee8ddcd6f9afffb6fe49bd371b8a357",
    "name": "Dai Stablecoin",
    "symbol": "DAI",
    "decimals": 18
  },
  {
    "chainId": 11155111,
    "address": "0x1f9840a85d5aF5bf1D1762F925BDADdC4201F984",
    "name": "Uniswap",
    "symbol": "UNI",
    "decimals": 18
  }
]